{"4": {"blues": 0.8000000000000002, "country": 0.888888888888889, "metal": 0.42857142857142855, "pop": 0.4444444444444445, "rap": 0.8333333333333333, "rock": 0.33333333333333337, "avg": 0.6214285714285714}, "6": {"blues": 0.7499999999999999, "country": 0.7499999999999999, "metal": 0.625, "pop": 0.5, "rap": 0.8333333333333333, "rock": 0.25, "avg": 0.6180555555555555}, "8": {"blues": 0.7499999999999999, "country": 0.7499999999999999, "metal": 0.625, "pop": 0.5, "rap": 0.8333333333333333, "rock": 0.25, "avg": 0.6180555555555555}}